<?xml version="1.0" encoding="UTF-8"?>
<project-private xmlns="http://www.netbeans.org/ns/project-private/1">
    <editor-bookmarks xmlns="http://www.netbeans.org/ns/editor-bookmarks/2" lastBookmarkId="0"/>
    <open-files xmlns="http://www.netbeans.org/ns/projectui-open-files/2">
        <group>
            <file>file:/C:/Users/Usuario%20iTC/Documents/TALLER1_Est/Practica/src/conexiones/Conexiones.java</file>
            <file>file:/C:/Users/Usuario%20iTC/Documents/TALLER1_Est/Practica/src/clases/Estado.java</file>
            <file>file:/C:/Users/Usuario%20iTC/Documents/TALLER1_Est/Practica/src/conexiones/DATpaquetes.java</file>
            <file>file:/C:/Users/Usuario%20iTC/Documents/TALLER1_Est/Practica/src/clases/Paquete.java</file>
            <file>file:/C:/Users/Usuario%20iTC/Documents/TALLER1_Est/Practica/src/practica/Practica.java</file>
            <file>file:/C:/Users/Usuario%20iTC/Documents/TALLER1_Est/Practica/src/logica/logPaquete.java</file>
        </group>
    </open-files>
</project-private>
